Quarter,Total_Revenue,New_Customers,Leads_Converted,Total_Leads,Conversion_Rate
Q1,120000,250,400,1000,40.0
Q2,135000,300,450,1100,40.909090909090914
Q3,150000,350,500,1200,41.66666666666667
Q4,165000,400,550,1300,42.30769230769231
